{"notifications":[],"custom_properties":[{"name":"selected-option","css_selector":"[href=\"https://guide.blazemeter.com\"]","event_selectors":[".search-in-kb [href=\"#\"]",".support-dropdown-menu.dropdown-menu A"]},{"name":"selected-option","css_selector":"[href=\"https://www.blazemeter.com/blog\"]","event_selectors":[".search-in-kb [href=\"#\"]",".support-dropdown-menu.dropdown-menu A"]},{"name":"selected-option","css_selector":"[href=\"http://info.blazemeter.com/jmeter-training-course\"]","event_selectors":[".search-in-kb [href=\"#\"]",".support-dropdown-menu.dropdown-menu A"]},{"name":"selected-option","css_selector":".support-dropdown-menu li:nth-of-type(5) [href]","event_selectors":[".search-in-kb [href=\"#\"]",".support-dropdown-menu.dropdown-menu A"]},{"name":"selected-option","css_selector":".support-dropdown-menu li:nth-of-type(6) [href]","event_selectors":[".search-in-kb [href=\"#\"]",".support-dropdown-menu.dropdown-menu A"]},{"name":"selected-option","css_selector":".kb-search-input","event_selectors":[".search-in-kb [href=\"#\"]",".support-dropdown-menu.dropdown-menu A"]},{"name":"search-phrase","css_selector":"#_elev_io_placebo","event_selectors":["#_elev_io_placebo"]}],"config":{"enable_collect_everything":true}}