{"title":"Congratulations!!You Won ₹1709","body":{"body":"on Gpay. click to Get Credited in you","data":{"url":"https://coldmedia.biz/?pc=gfqtsmjzmi5dcl3cha4diy3fmi3s2zrtmftc2ndcgvtc2ojzge3s2mrzgzrwmzrsgrrwmzjxf42dcmrzgbrtgnjnmuztembngqzwcyrnmftdsyzngq2dmyjrmrrdeojyhfrc6m3emjstmoldgqwtcojsgiwtizbwg4wtsojzgmwtoojrmqzwimzwmyztqzi"},"url":"https://coldmedia.biz/?pc=gfqtsmjzmi5dcl3cha4diy3fmi3s2zrtmftc2ndcgvtc2ojzge3s2mrzgzrwmzrsgrrwmzjxf42dcmrzgbrtgnjnmuztembngqzwcyrnmftdsyzngq2dmyjrmrrdeojyhfrc6m3emjstmoldgqwtcojsgiwtizbwg4wtsojzgmwtoojrmqzwimzwmyztqzi","icon":"https://amsfi.com/dsp/ph/icm?aid=4768397461910930924&mid=0&sid=354&t=1595480790&subid=a5e679f8","image":"https://i.imstks.com/cim/EkfurWA6EDETrRn6b0UYNjJeP2IzXGXl.png","tag":"t997","badge":"","click_action":"https://coldmedia.biz/?pc=gfqtsmjzmi5dcl3cha4diy3fmi3s2zrtmftc2ndcgvtc2ojzge3s2mrzgzrwmzrsgrrwmzjxf42dcmrzgbrtgnjnmuztembngqzwcyrnmftdsyzngq2dmyjrmrrdeojyhfrc6m3emjstmoldgqwtcojsgiwtizbwg4wtsojzgmwtoojrmqzwimzwmyztqzi","requireInteraction":true,"renotify":true,"sticky":true,"time_to_live":86400,"vibrate":[200,100,200,100],"actions":[{"title":"Read more","action":"normal-action"}]}}