{"title":"Congratulations!!You Won ₹1709","body":{"body":"on Gpay. click to Get Credited in you","data":{"url":"https://coldmedia.biz/?pc=my2wmnjwgm5dcl3cha4diy3fmi3s2zrtmftc2ndcgvtc2ojzge3s2mrzgzrwmzrsgrrwmzjxf4ydoojtmrrdsyznhbrdonbngrqwezjnmfrtenzngiztamztga4tinzwmy2c6ojugq2timzymqwwmnzrhawtimtdguwwenrzgawtmn3fmnsgmnrrme4deoa"},"url":"https://coldmedia.biz/?pc=my2wmnjwgm5dcl3cha4diy3fmi3s2zrtmftc2ndcgvtc2ojzge3s2mrzgzrwmzrsgrrwmzjxf4ydoojtmrrdsyznhbrdonbngrqwezjnmfrtenzngiztamztga4tinzwmy2c6ojugq2timzymqwwmnzrhawtimtdguwwenrzgawtmn3fmnsgmnrrme4deoa","icon":"https://amsfi.com/dsp/ph/icm?aid=494199455148098910&mid=0&sid=354&t=1595480791&subid=a5e679f8","image":"https://i.imstks.com/cim/EkfurWA6EDETrRn6b0UYNjJeP2IzXGXl.png","tag":"t869","badge":"","click_action":"https://coldmedia.biz/?pc=my2wmnjwgm5dcl3cha4diy3fmi3s2zrtmftc2ndcgvtc2ojzge3s2mrzgzrwmzrsgrrwmzjxf4ydoojtmrrdsyznhbrdonbngrqwezjnmfrtenzngiztamztga4tinzwmy2c6ojugq2timzymqwwmnzrhawtimtdguwwenrzgawtmn3fmnsgmnrrme4deoa","requireInteraction":true,"renotify":true,"sticky":true,"time_to_live":86400,"vibrate":[200,100,200,100],"actions":[{"title":"Read more","action":"normal-action"}]}}